<?xml version="1.0" encoding="utf-8"?>
<odoo>
  <data noupdate="0">

    <record id="group_library_user" model="res.groups">
        <field name="name">User</field>
        <field name="category_id" ref="base.module_category_library"/>
        <field name="implied_ids" eval="[(4, ref('base.group_user'))]"/>
    </record>

    <record id="group_library_manager" model="res.groups">
        <field name="name">Manager</field>
        <field name="category_id" ref="base.module_category_library"/>
        <field name="implied_ids" eval="[(4, ref('group_library_user'))]"/>
        <field name="users" eval="[(4, ref('base.user_root'))]"/>
    </record>

  </data>
</odoo>
